"day","stat_type","rhr_type","p_value","f_value","significant","p_adjusted","significant_adjusted"
-7,"cv","rhr_1",0.205776322945457,1.70022119404946,FALSE,0.211337845187226,FALSE
-7,"cv","rhr_50",0.174393903663426,1.89271508219804,FALSE,0.179107252411086,FALSE
-7,"iqr","rhr_1",0.048659265045071,3.47909014470948,TRUE,0.39347584705471,FALSE
-7,"iqr","rhr_50",0.414052345314689,0.918067597354886,FALSE,0.524466304065273,FALSE
-7,"kurt","rhr_1",0.302927913209384,1.26150158214073,FALSE,0.666820891733206,FALSE
-7,"kurt","rhr_50",0.898975712698431,0.107016478287777,FALSE,0.904639383907728,FALSE
-7,"max","rhr_1",0.33926159726952,1.13588209834044,FALSE,0.641163790521033,FALSE
-7,"max","rhr_50",0.847998730237633,0.166117980137576,FALSE,0.913059339788417,FALSE
-7,"mean","rhr_1",0.000107075859674875,14.2539790102126,TRUE,0.000176907942071532,TRUE
-7,"mean","rhr_50",0.0288209609948975,4.18515359229141,TRUE,0.0331877732668517,TRUE
-7,"median","rhr_1",5.60932549537492e-05,15.7827615087704,TRUE,0.000125313502008343,TRUE
-7,"median","rhr_50",0.0196799060047772,4.72104828359326,TRUE,0.022661709944895,TRUE
-7,"min","rhr_1",0.101779387561388,2.53958732379827,FALSE,0.101779387561388,FALSE
-7,"min","rhr_50",0.0241492959518989,4.43125931205543,TRUE,0.0262192356049188,TRUE
-7,"sd","rhr_1",0.453831914323924,0.81909016503602,FALSE,0.574853758143637,FALSE
-7,"sd","rhr_50",0.673131140459019,0.403022644464408,FALSE,0.710527314928965,FALSE
-7,"skew","rhr_1",0.469086983029625,0.783620339422212,FALSE,0.742721056463572,FALSE
-7,"skew","rhr_50",0.617165035019543,0.493362676322642,FALSE,0.820211137055755,FALSE
-6,"cv","rhr_1",0.00264129186837118,7.3360343161073,TRUE,0.00669127273320699,TRUE
-6,"cv","rhr_50",0.0550334188697378,3.23480649246024,FALSE,0.0674603199048398,FALSE
-6,"iqr","rhr_1",0.572828272890285,0.568012490452623,FALSE,0.671066322128564,FALSE
-6,"iqr","rhr_50",0.692832282769909,0.372000419521745,FALSE,0.737812119651696,FALSE
-6,"kurt","rhr_1",0.310149443186155,1.21925903958527,FALSE,0.666820891733206,FALSE
-6,"kurt","rhr_50",0.423104652431283,0.888128298910697,FALSE,0.733067209948706,FALSE
-6,"max","rhr_1",0.645011440332737,0.445184601685049,FALSE,0.875372669023,FALSE
-6,"max","rhr_50",0.299172791251989,1.26231112680675,FALSE,0.617102766418858,FALSE
-6,"mean","rhr_1",0.00090565653283045,9.00891505688248,TRUE,0.00123394889387825,TRUE
-6,"mean","rhr_50",0.00882991685020837,5.66395447187724,TRUE,0.0129052630887661,TRUE
-6,"median","rhr_1",0.00144848238586217,8.25972921024366,TRUE,0.00189801140216422,TRUE
-6,"median","rhr_50",0.00672119680272065,6.05526245500681,TRUE,0.0102162191401354,TRUE
-6,"min","rhr_1",0.00711128839561645,5.89433267830681,TRUE,0.00931823996666983,TRUE
-6,"min","rhr_50",0.00185318460456838,8.01345499243573,TRUE,0.00331295159217876,TRUE
-6,"sd","rhr_1",0.0419141494738541,3.54586117411637,TRUE,0.238624649509712,FALSE
-6,"sd","rhr_50",0.255895263986106,1.43416720253998,FALSE,0.324134001049068,FALSE
-6,"skew","rhr_1",0.22710233812682,1.56077552567189,FALSE,0.431494442440957,FALSE
-6,"skew","rhr_50",0.594927137445702,0.529434157571177,FALSE,0.820211137055755,FALSE
-5,"cv","rhr_1",0.00213956208822542,7.49495820466228,TRUE,0.00625410456558199,TRUE
-5,"cv","rhr_50",0.201147449191456,1.6868431550181,FALSE,0.201147449191456,FALSE
-5,"iqr","rhr_1",0.471298894299238,0.770227584694059,FALSE,0.630529142828359,FALSE
-5,"iqr","rhr_50",0.977962350040518,0.0222996319552224,FALSE,0.977962350040518,FALSE
-5,"kurt","rhr_1",0.140029691383037,2.09177693553923,FALSE,0.409317559427338,FALSE
-5,"kurt","rhr_50",0.762749399150792,0.273130811145309,FALSE,0.878317489931215,FALSE
-5,"max","rhr_1",0.542024255395468,0.624317036228987,FALSE,0.792189296347222,FALSE
-5,"max","rhr_50",0.865003585062711,0.145680844919089,FALSE,0.913059339788417,FALSE
-5,"mean","rhr_1",0.000909225500752397,8.78580377694062,TRUE,0.00123394889387825,TRUE
-5,"mean","rhr_50",0.152494572211379,1.99561045357532,FALSE,0.15661604713601,FALSE
-5,"median","rhr_1",0.000818003128771564,8.95012911212548,TRUE,0.00115126366271554,TRUE
-5,"median","rhr_50",0.0896861130268876,2.60264325010777,FALSE,0.0921100620276143,FALSE
-5,"min","rhr_1",0.0357828616819831,3.70222574319892,TRUE,0.0388499641118673,TRUE
-5,"min","rhr_50",0.0489109848115269,3.32111040633561,TRUE,0.0516282617455006,FALSE
-5,"sd","rhr_1",0.0168456021179585,4.65211686704326,TRUE,0.238624649509712,FALSE
-5,"sd","rhr_50",0.448090064022645,0.823240384567051,FALSE,0.51598249796547,FALSE
-5,"skew","rhr_1",0.135427219490409,2.1296057539143,FALSE,0.344091289340519,FALSE
-5,"skew","rhr_50",0.488186172185925,0.733369093408564,FALSE,0.820211137055755,FALSE
-4,"cv","rhr_1",0.073565254025551,2.80260239157782,FALSE,0.0822199897932628,FALSE
-4,"cv","rhr_50",0.00118059699095241,8.17782278337109,TRUE,0.0130317354362932,TRUE
-4,"iqr","rhr_1",0.462658065714668,0.787048607948528,FALSE,0.630529142828359,FALSE
-4,"iqr","rhr_50",0.0168460267922071,4.58397698149594,TRUE,0.174200455574718,FALSE
-4,"kurt","rhr_1",0.40749015296388,0.91987717328612,FALSE,0.730006396455631,FALSE
-4,"kurt","rhr_50",0.597666311666283,0.522152770794065,FALSE,0.811118565832813,FALSE
-4,"max","rhr_1",0.604725701457626,0.509880245685271,FALSE,0.851095431681103,FALSE
-4,"max","rhr_50",0.451266073140671,0.813547287359394,FALSE,0.754630817143898,FALSE
-4,"mean","rhr_1",0.0230953598990418,4.17931070576776,TRUE,0.0243784354489886,TRUE
-4,"mean","rhr_50",0.342955820617809,1.10260547516304,FALSE,0.342955820617809,FALSE
-4,"median","rhr_1",0.0291782571923595,3.89450633930403,TRUE,0.0299668587380989,TRUE
-4,"median","rhr_50",0.262993888184707,1.38642576300062,FALSE,0.262993888184707,FALSE
-4,"min","rhr_1",0.000684139074647586,8.93121248839035,TRUE,0.00142049625078604,TRUE
-4,"min","rhr_50",0.00532786247930187,6.07548894258115,TRUE,0.00698133704184383,TRUE
-4,"sd","rhr_1",0.396594104404166,0.94834910751163,FALSE,0.546394742102443,FALSE
-4,"sd","rhr_50",0.00824767690191565,5.49805188814441,TRUE,0.19502906187499,FALSE
-4,"skew","rhr_1",0.258608916147799,1.40310016799741,FALSE,0.452380026941709,FALSE
-4,"skew","rhr_50",0.323512211828951,1.16464596163924,FALSE,0.813179507550999,FALSE
-3,"cv","rhr_1",0.00903778117145143,5.32286777084822,TRUE,0.0149319862832676,TRUE
-3,"cv","rhr_50",0.0149997744998055,4.70004340948487,TRUE,0.0247822361301134,TRUE
-3,"iqr","rhr_1",0.166856896772432,1.87540725686279,FALSE,0.453556849436681,FALSE
-3,"iqr","rhr_50",0.259812793314528,1.39674852172973,FALSE,0.455688841137623,FALSE
-3,"kurt","rhr_1",0.0150737440055273,4.68015990310727,TRUE,0.10159453171192,FALSE
-3,"kurt","rhr_50",0.525305385799407,0.654806227304319,FALSE,0.799156791055595,FALSE
-3,"max","rhr_1",0.691986002043278,0.37168752116091,FALSE,0.890440318193872,FALSE
-3,"max","rhr_50",0.394605955812726,0.952997421800747,FALSE,0.714048872423029,FALSE
-3,"mean","rhr_1",8.07075671227446e-05,12.118149193519,TRUE,0.000152429365620757,TRUE
-3,"mean","rhr_50",0.0105999661319445,5.13709191428562,TRUE,0.0138896107935825,TRUE
-3,"median","rhr_1",6.38964962109305e-05,12.4991434034298,TRUE,0.000127792992421861,TRUE
-3,"median","rhr_50",0.0139536051609746,4.79039668503524,TRUE,0.0185644157513338,TRUE
-3,"min","rhr_1",1.21620709788731e-05,15.3405904984807,TRUE,8.13898337956579e-05,TRUE
-3,"min","rhr_50",0.00065631010495841,8.94307362957559,TRUE,0.00155873649927622,TRUE
-3,"sd","rhr_1",0.0899977300305893,2.56295922489811,FALSE,0.238624649509712,FALSE
-3,"sd","rhr_50",0.185852478783136,1.75957337686354,FALSE,0.261570155324414,FALSE
-3,"skew","rhr_1",0.0228276072337324,4.17097407303811,TRUE,0.108431134360229,FALSE
-3,"skew","rhr_50",0.654968068359329,0.427916392403165,FALSE,0.820211137055755,FALSE
-2,"cv","rhr_1",0.0580521637000422,3.07706425260146,FALSE,0.0689369443938001,FALSE
-2,"cv","rhr_50",0.00829516274682385,5.46998041323305,TRUE,0.0185421284929004,TRUE
-2,"iqr","rhr_1",0.653406682072549,0.430487827489663,FALSE,0.671066322128564,FALSE
-2,"iqr","rhr_50",0.144065720452032,2.04257760063196,FALSE,0.288131440904064,FALSE
-2,"kurt","rhr_1",0.672535245651058,0.400984607696417,FALSE,0.838533370462522,FALSE
-2,"kurt","rhr_50",0.819278990851641,0.200408328666995,FALSE,0.904639383907728,FALSE
-2,"max","rhr_1",0.372475141743049,1.01442047515378,FALSE,0.641163790521033,FALSE
-2,"max","rhr_50",0.0713210971937135,2.83830624440935,FALSE,0.325866538564975,FALSE
-2,"mean","rhr_1",1.16363747632808e-05,15.6888336541691,TRUE,3.80921012414678e-05,TRUE
-2,"mean","rhr_50",0.00120715160165153,8.10200268760257,TRUE,0.00261688848510561,TRUE
-2,"median","rhr_1",5.57185183868089e-06,17.0771989351214,TRUE,2.35255966522082e-05,TRUE
-2,"median","rhr_50",0.0024252704377337,7.11745862065034,TRUE,0.00460801383169403,TRUE
-2,"min","rhr_1",0.00111710797197505,8.21370665646664,TRUE,0.00202143347309771,TRUE
-2,"min","rhr_50",0.00157894507220282,7.71871174399443,TRUE,0.00299999563718535,TRUE
-2,"sd","rhr_1",0.800886342331805,0.223374018216882,FALSE,0.845380028016905,FALSE
-2,"sd","rhr_50",0.0871160757509555,2.60880811135534,FALSE,0.215838024533903,FALSE
-2,"skew","rhr_1",0.135825508950205,2.10808333385452,FALSE,0.344091289340519,FALSE
-2,"skew","rhr_50",0.323605164232738,1.16334413847095,FALSE,0.813179507550999,FALSE
-1,"cv","rhr_1",0.00101569218798647,8.2673215961871,TRUE,0.00491490158628548,TRUE
-1,"cv","rhr_50",0.0720329913700245,2.81632831698231,FALSE,0.0829470809715434,FALSE
-1,"iqr","rhr_1",0.203437509132052,1.65922159108137,FALSE,0.453556849436681,FALSE
-1,"iqr","rhr_50",0.027505335090745,3.94577062441592,TRUE,0.174200455574718,FALSE
-1,"kurt","rhr_1",0.571266143096687,0.568015722412316,FALSE,0.804004201395338,FALSE
-1,"kurt","rhr_50",0.215178553375276,1.59842557015043,FALSE,0.733067209948706,FALSE
-1,"max","rhr_1",0.806126137905501,0.2167103916486,FALSE,0.928266461830577,FALSE
-1,"max","rhr_50",0.247704839343075,1.44666532623745,FALSE,0.588298993439804,FALSE
-1,"mean","rhr_1",1.35447982119079e-06,19.4914470424386,TRUE,9.38325949558717e-06,TRUE
-1,"mean","rhr_50",0.00582301067327767,5.88881479031985,TRUE,0.00921976689935631,TRUE
-1,"median","rhr_1",1.28433606388959e-07,24.4982805703189,TRUE,1.62682568092681e-06,TRUE
-1,"median","rhr_50",0.0145285487060369,4.72588353408066,TRUE,0.0185644157513338,TRUE
-1,"min","rhr_1",0.000295804582364124,10.0807185417828,TRUE,0.000802898152131193,TRUE
-1,"min","rhr_50",3.15579962484039e-06,17.8363246469436,TRUE,0.000119920385743935,TRUE
-1,"sd","rhr_1",0.293125822058202,1.26658918050832,FALSE,0.433403963472984,FALSE
-1,"sd","rhr_50",0.143197008966459,2.04368795449744,FALSE,0.227607900795315,FALSE
-1,"skew","rhr_1",0.00033777807053717,9.88011634992122,TRUE,0.0128355666804124,TRUE
-1,"skew","rhr_50",0.712288619022103,0.342240701792364,FALSE,0.820211137055755,FALSE
0,"cv","rhr_1",0.000202122265356935,10.7300035528847,TRUE,0.00491490158628548,TRUE
0,"cv","rhr_50",0.0018468224172385,7.46220089241279,TRUE,0.0130317354362932,TRUE
0,"iqr","rhr_1",0.0125715111907212,4.92135843420614,TRUE,0.39347584705471,FALSE
0,"iqr","rhr_50",0.123045765654632,2.21508756682582,FALSE,0.288131440904064,FALSE
0,"kurt","rhr_1",0.828465911775571,0.189114554700118,FALSE,0.912068028807454,FALSE
0,"kurt","rhr_50",0.189105314904686,1.7406243361542,FALSE,0.733067209948706,FALSE
0,"max","rhr_1",0.27809295227416,1.32388644664559,FALSE,0.556185904548319,FALSE
0,"max","rhr_50",0.503859731122804,0.697971922978576,FALSE,0.754630817143898,FALSE
0,"mean","rhr_1",1.01273302553171e-05,15.8034491771476,TRUE,3.80921012414678e-05,TRUE
0,"mean","rhr_50",0.00582126864174855,5.91060362809295,TRUE,0.00921976689935631,TRUE
0,"median","rhr_1",1.28835056258706e-05,15.365307144283,TRUE,3.49695152702203e-05,TRUE
0,"median","rhr_50",0.00196257726052039,7.37766831422454,TRUE,0.00392515452104078,TRUE
0,"min","rhr_1",4.4800040196315e-06,17.3299887951258,TRUE,4.25600381864992e-05,TRUE
0,"min","rhr_50",0.000125215468437468,11.4887783419585,TRUE,0.000594773475077975,TRUE
0,"sd","rhr_1",0.023563122110222,4.14331449696325,TRUE,0.238624649509712,FALSE
0,"sd","rhr_50",0.0891859632407978,2.57750138730934,FALSE,0.215838024533903,FALSE
0,"skew","rhr_1",0.648959291126027,0.437342746244036,FALSE,0.770639158212157,FALSE
0,"skew","rhr_50",0.378913586804629,0.995657850042715,FALSE,0.813179507550999,FALSE
1,"cv","rhr_1",0.00457298432680424,6.18303643179859,TRUE,0.00965407802325341,TRUE
1,"cv","rhr_50",0.0136992492633831,4.78535577582684,TRUE,0.0238507044183798,TRUE
1,"iqr","rhr_1",0.185837861460753,1.75571123221513,FALSE,0.453556849436681,FALSE
1,"iqr","rhr_50",0.291852756930159,1.27021136935639,FALSE,0.462100198472752,FALSE
1,"kurt","rhr_1",0.00106885253347123,8.15685252129674,TRUE,0.0406163962719069,TRUE
1,"kurt","rhr_50",0.0525872528427481,3.1731979496695,FALSE,0.733067209948706,FALSE
1,"max","rhr_1",0.174516078547058,1.82419449501501,FALSE,0.491600540064776,FALSE
1,"max","rhr_50",0.224941255995518,1.54897115797024,FALSE,0.569851181855312,FALSE
1,"mean","rhr_1",1.76412603169139e-06,18.78854733867,TRUE,9.576684172039e-06,TRUE
1,"mean","rhr_50",2.56503766417818e-05,13.929331921013,TRUE,0.000324904770795903,TRUE
1,"median","rhr_1",1.33769674168404e-06,19.3289283008383,TRUE,8.47207936399892e-06,TRUE
1,"median","rhr_50",2.62738821227357e-05,13.8886121415649,TRUE,0.000332802506887985,TRUE
1,"min","rhr_1",0.000265896688989447,10.1852202577213,TRUE,0.000798222793254508,TRUE
1,"min","rhr_50",0.000329024804052844,9.86541567169371,TRUE,0.00110406648871294,TRUE
1,"sd","rhr_1",0.276641548297959,1.32721393118242,FALSE,0.433403963472984,FALSE
1,"sd","rhr_50",0.166077322037952,1.87834563224171,FALSE,0.247910263250414,FALSE
1,"skew","rhr_1",0.00202188708840481,7.2735801525267,TRUE,0.0192079273398457,TRUE
1,"skew","rhr_50",0.0130964292680868,4.84118736877708,TRUE,0.24883215609365,FALSE
2,"cv","rhr_1",0.0284961135903898,3.89410203886961,TRUE,0.0349307198849939,TRUE
2,"cv","rhr_50",0.00206257354854902,7.27670931644407,TRUE,0.0130317354362932,TRUE
2,"iqr","rhr_1",0.169460641891446,1.85629547726876,FALSE,0.453556849436681,FALSE
2,"iqr","rhr_50",0.0853669745568448,2.62280839918589,FALSE,0.288131440904064,FALSE
2,"kurt","rhr_1",0.321842626002894,1.16643988662754,FALSE,0.666820891733206,FALSE
2,"kurt","rhr_50",0.414807794220335,0.900095748958291,FALSE,0.733067209948706,FALSE
2,"max","rhr_1",0.210255108278895,1.62184092523807,FALSE,0.491600540064776,FALSE
2,"max","rhr_50",0.516326348572141,0.672347583490607,FALSE,0.754630817143898,FALSE
2,"mean","rhr_1",4.46904512247388e-08,26.6143098546201,TRUE,1.69823714654007e-06,TRUE
2,"mean","rhr_50",7.50756260397709e-05,12.2356563762454,TRUE,0.000488059830552579,TRUE
2,"median","rhr_1",5.06536995143599e-08,26.3232943352037,TRUE,1.62682568092681e-06,TRUE
2,"median","rhr_50",0.000120750342213333,11.4715836831343,TRUE,0.000698216811137761,TRUE
2,"min","rhr_1",1.53315778011945e-06,19.0616561850238,TRUE,2.91299978222695e-05,TRUE
2,"min","rhr_50",0.00259623383069645,6.96259102892945,TRUE,0.00394627542265861,TRUE
2,"sd","rhr_1",0.563786937744521,0.58136833948449,FALSE,0.649209201039145,FALSE
2,"sd","rhr_50",0.0957539380164712,2.49292476662149,FALSE,0.215838024533903,FALSE
2,"skew","rhr_1",0.195517659897901,1.70054774944788,FALSE,0.431494442440957,FALSE
2,"skew","rhr_50",0.159073263727407,1.92783754557666,FALSE,0.813179507550999,FALSE
3,"cv","rhr_1",0.00248421215397159,7.02251348787239,TRUE,0.00669127273320699,TRUE
3,"cv","rhr_50",0.146062737896242,2.02180751128199,FALSE,0.154177334446033,FALSE
3,"iqr","rhr_1",0.189366768899948,1.73713640661899,FALSE,0.453556849436681,FALSE
3,"iqr","rhr_50",0.382983164136222,0.983775729831981,FALSE,0.502705474942085,FALSE
3,"kurt","rhr_1",0.422635282158523,0.880547890317688,FALSE,0.730006396455631,FALSE
3,"kurt","rhr_50",0.368280060764201,1.02493936721496,FALSE,0.733067209948706,FALSE
3,"max","rhr_1",0.74984447847905,0.290025089787154,FALSE,0.890440318193872,FALSE
3,"max","rhr_50",0.63381768723768,0.461367278008152,FALSE,0.797162597270172,FALSE
3,"mean","rhr_1",8.07810059497874e-06,16.0793688034784,TRUE,3.80921012414678e-05,TRUE
3,"mean","rhr_50",0.000267644576238422,10.232863857499,TRUE,0.001017049389706,TRUE
3,"median","rhr_1",6.33192290300962e-06,16.5265378451743,TRUE,2.40613070314365e-05,TRUE
3,"median","rhr_50",6.75472147703453e-05,12.4080964526027,TRUE,0.000513358832254624,TRUE
3,"min","rhr_1",0.00472975011269412,6.16100600044458,TRUE,0.00665668534379173,TRUE
3,"min","rhr_50",0.00647460798093482,5.75108675587903,TRUE,0.00820117010918411,TRUE
3,"sd","rhr_1",0.102443282884816,2.41689605474675,FALSE,0.238624649509712,FALSE
3,"sd","rhr_50",0.548017645400682,0.610819264804526,FALSE,0.594990586435027,FALSE
3,"skew","rhr_1",0.0591225303615212,3.04351520040881,FALSE,0.187221346144817,FALSE
3,"skew","rhr_50",0.373257260516054,1.01081443520636,FALSE,0.813179507550999,FALSE
4,"cv","rhr_1",0.00545591323720246,5.97373875329603,TRUE,0.0109118264744049,TRUE
4,"cv","rhr_50",0.00408204649845447,6.35554466866895,TRUE,0.0172353074379189,TRUE
4,"iqr","rhr_1",0.586966739364238,0.540132382842581,FALSE,0.671066322128564,FALSE
4,"iqr","rhr_50",0.170052237385841,1.8546238873117,FALSE,0.323099251033097,FALSE
4,"kurt","rhr_1",0.0213883224656674,4.25016188944559,TRUE,0.10159453171192,FALSE
4,"kurt","rhr_50",0.534681205763566,0.636243840830436,FALSE,0.799156791055595,FALSE
4,"max","rhr_1",0.217036934993902,1.58912334328307,FALSE,0.491600540064776,FALSE
4,"max","rhr_50",0.184587655520499,1.76499302017675,FALSE,0.502614393295447,FALSE
4,"mean","rhr_1",1.30315083194495e-05,15.2174408630857,TRUE,3.80921012414678e-05,TRUE
4,"mean","rhr_50",6.44302395571676e-05,12.4854957200655,TRUE,0.000488059830552579,TRUE
4,"median","rhr_1",9.9008394162289e-06,15.7100640944528,TRUE,3.4202899801518e-05,TRUE
4,"median","rhr_50",6.46484588380235e-05,12.4799501043052,TRUE,0.000513358832254624,TRUE
4,"min","rhr_1",0.000343599400247452,9.85438256756848,TRUE,0.000854286919062857,TRUE
4,"min","rhr_50",0.000381258213767925,9.69824196394173,TRUE,0.00110406648871294,TRUE
4,"sd","rhr_1",0.491834478828116,0.722682654182741,FALSE,0.602893877273175,FALSE
4,"sd","rhr_50",0.105000749970464,2.38919916614292,FALSE,0.215838024533903,FALSE
4,"skew","rhr_1",0.00577594435854343,5.89938349840286,TRUE,0.0313551265178072,TRUE
4,"skew","rhr_50",0.06106739678129,3.00612857503682,FALSE,0.581489834826289,FALSE
5,"cv","rhr_1",0.00178479753057135,7.47607543823403,TRUE,0.00616566419651921,TRUE
5,"cv","rhr_50",0.00924682606841395,5.3112123827363,TRUE,0.0195210772555406,TRUE
5,"iqr","rhr_1",0.258347225397279,1.40152655175952,FALSE,0.467485455480791,FALSE
5,"iqr","rhr_50",0.0765493476640022,2.75171590184781,FALSE,0.288131440904064,FALSE
5,"kurt","rhr_1",0.0699077403354176,2.85062777952277,FALSE,0.265649413274587,FALSE
5,"kurt","rhr_50",0.367910269471173,1.02669528447632,FALSE,0.733067209948706,FALSE
5,"max","rhr_1",0.40971428065391,0.913025372688978,FALSE,0.641163790521033,FALSE
5,"max","rhr_50",0.624390555919354,0.476865155003334,FALSE,0.797162597270172,FALSE
5,"mean","rhr_1",2.90105208012358e-07,22.6976411114634,TRUE,5.51199895223481e-06,TRUE
5,"mean","rhr_50",0.00055571023353863,9.18885071569577,TRUE,0.00174753842538547,TRUE
5,"median","rhr_1",9.88861082251669e-08,25.0921531456792,TRUE,1.62682568092681e-06,TRUE
5,"median","rhr_50",0.00189703742412787,7.42486420499643,TRUE,0.00392515452104078,TRUE
5,"min","rhr_1",9.1417237769459e-05,11.916758652361,TRUE,0.000347385503523944,TRUE
5,"min","rhr_50",0.000884351053199715,8.50790806786959,TRUE,0.00186696333453273,TRUE
5,"sd","rhr_1",0.106753132675397,2.37062760351085,FALSE,0.238624649509712,FALSE
5,"sd","rhr_50",0.10811875651546,2.35998358093563,FALSE,0.215838024533903,FALSE
5,"skew","rhr_1",0.00556565386616539,5.94773687150191,TRUE,0.0313551265178072,TRUE
5,"skew","rhr_50",0.416919479874882,0.895316584446607,FALSE,0.820211137055755,FALSE
6,"cv","rhr_1",0.00212595143506837,7.26689199568374,TRUE,0.00625410456558199,TRUE
6,"cv","rhr_50",0.00793497930113324,5.54856271850006,TRUE,0.0185421284929004,TRUE
6,"iqr","rhr_1",0.0961571264915344,2.49220090692742,FALSE,0.453556849436681,FALSE
6,"iqr","rhr_50",0.0242443284064328,4.13178207536602,TRUE,0.174200455574718,FALSE
6,"kurt","rhr_1",0.122834351179008,2.21700779259535,FALSE,0.388975445400192,FALSE
6,"kurt","rhr_50",0.167348783489585,1.87946008931531,FALSE,0.733067209948706,FALSE
6,"max","rhr_1",0.144790835381194,2.03415759053248,FALSE,0.491600540064776,FALSE
6,"max","rhr_50",0.165057856572544,1.89468927895659,FALSE,0.502614393295447,FALSE
6,"mean","rhr_1",1.48156728877692e-06,19.5086007890144,TRUE,9.38325949558717e-06,TRUE
6,"mean","rhr_50",0.000926002477199494,8.53347014988762,TRUE,0.0021992558833488,TRUE
6,"median","rhr_1",9.77398526723432e-07,20.360954164503,TRUE,7.42822880309808e-06,TRUE
6,"median","rhr_50",0.00173412401961143,7.624590926891,TRUE,0.00392515452104078,TRUE
6,"min","rhr_1",0.0157028848283074,4.64297109071475,TRUE,0.0175512592293616,TRUE
6,"min","rhr_50",0.0077772494234399,5.57484450587423,TRUE,0.00953340251905536,TRUE
6,"sd","rhr_1",0.203131486662958,1.66266703679711,FALSE,0.375118292508464,FALSE
6,"sd","rhr_50",0.0597810221828578,3.0494720995342,FALSE,0.215838024533903,FALSE
6,"skew","rhr_1",0.105367554768657,2.38898026748893,FALSE,0.307997467785306,FALSE
6,"skew","rhr_50",0.839137867704628,0.176237439288712,FALSE,0.885756638132663,FALSE
7,"cv","rhr_1",0.0174262225929984,4.54153233225597,TRUE,0.0228343606391014,TRUE
7,"cv","rhr_50",0.0451414661444569,3.38052187977818,TRUE,0.0571791904496454,FALSE
7,"iqr","rhr_1",0.603268612354892,0.512554643761024,FALSE,0.671066322128564,FALSE
7,"iqr","rhr_50",0.698979902827922,0.361719797635011,FALSE,0.737812119651696,FALSE
7,"kurt","rhr_1",0.304372808625952,1.22968543617733,FALSE,0.666820891733206,FALSE
7,"kurt","rhr_50",0.643322118387368,0.446559080036167,FALSE,0.842973810300689,FALSE
7,"max","rhr_1",0.0921526301043862,2.54943346587342,FALSE,0.491600540064776,FALSE
7,"max","rhr_50",0.185173723845691,1.76799127187669,FALSE,0.502614393295447,FALSE
7,"mean","rhr_1",4.64899731029653e-05,13.3310367853274,TRUE,0.000117774598527512,TRUE
7,"mean","rhr_50",0.000440311019844474,9.65223936614337,TRUE,0.00152107443219,TRUE
7,"median","rhr_1",4.19977225677963e-05,13.5084203452886,TRUE,9.97445910985161e-05,TRUE
7,"median","rhr_50",0.000254478935335205,10.5074593712379,TRUE,0.00120350619717087,TRUE
7,"min","rhr_1",0.000429113480629535,9.69184102045579,TRUE,0.000959194839054256,TRUE
7,"min","rhr_50",5.39659282777368e-05,13.0725552487024,TRUE,0.000506758598433302,TRUE
7,"sd","rhr_1",0.426814845538958,0.871862089203227,FALSE,0.559274625188979,FALSE
7,"sd","rhr_50",0.424290903649303,0.878081380478946,FALSE,0.503845448083547,FALSE
7,"skew","rhr_1",0.968294242264293,0.0322481214169482,FALSE,0.994464356920085,FALSE
7,"skew","rhr_50",0.622541078572666,0.480240358020766,FALSE,0.820211137055755,FALSE
8,"cv","rhr_1",0.00116405563885709,8.07385557569199,TRUE,0.00491490158628548,TRUE
8,"cv","rhr_50",0.0070462084309113,5.64177112381185,TRUE,0.0185421284929004,TRUE
8,"iqr","rhr_1",0.247238810961617,1.44868828945542,FALSE,0.467485455480791,FALSE
8,"iqr","rhr_50",0.141823982108362,2.05433497950127,FALSE,0.288131440904064,FALSE
8,"kurt","rhr_1",0.706133364600019,0.351074063838817,FALSE,0.838533370462522,FALSE
8,"kurt","rhr_50",0.134997888173589,2.10892827842381,FALSE,0.733067209948706,FALSE
8,"max","rhr_1",0.124765322387571,2.19645453759821,FALSE,0.491600540064776,FALSE
8,"max","rhr_50",0.0771789170285468,2.73749999999999,FALSE,0.325866538564975,FALSE
8,"mean","rhr_1",0.000185469636245341,10.797391297664,TRUE,0.000281913847092919,TRUE
8,"mean","rhr_50",0.000832757672254457,8.55154153082309,TRUE,0.0021992558833488,TRUE
8,"median","rhr_1",0.0003187730000272,9.96749719521316,TRUE,0.000484534960041344,TRUE
8,"median","rhr_50",0.00119077185407033,8.04178736798887,TRUE,0.00323209503247661,TRUE
8,"min","rhr_1",0.0100654136621073,5.18615788267061,TRUE,0.0119526787237524,TRUE
8,"min","rhr_50",0.500357555341648,0.704873053639733,FALSE,0.500357555341648,FALSE
8,"sd","rhr_1",0.114765141362517,2.28961131661066,FALSE,0.242281965098648,FALSE
8,"sd","rhr_50",0.0102646874671047,5.16135197184268,TRUE,0.19502906187499,FALSE
8,"skew","rhr_1",0.261904226124147,1.38687449658202,FALSE,0.452380026941709,FALSE
8,"skew","rhr_50",0.0625680073923186,2.97812765093024,FALSE,0.581489834826289,FALSE
9,"cv","rhr_1",0.000678266206524878,8.84829280322914,TRUE,0.00491490158628548,TRUE
9,"cv","rhr_50",0.0233709580820576,4.14243620831336,TRUE,0.0328402887573762,TRUE
9,"iqr","rhr_1",0.353413148581924,1.06835696670777,FALSE,0.583899984613613,FALSE
9,"iqr","rhr_50",0.102390006576071,2.41748072880168,FALSE,0.288131440904064,FALSE
9,"kurt","rhr_1",0.0207739404117942,4.28568671146618,TRUE,0.10159453171192,FALSE
9,"kurt","rhr_50",0.694709761689666,0.367684623015968,FALSE,0.878317489931215,FALSE
9,"max","rhr_1",0.101990372764628,2.42187668285547,FALSE,0.491600540064776,FALSE
9,"max","rhr_50",0.469098590049071,0.771825597226879,FALSE,0.754630817143898,FALSE
9,"mean","rhr_1",0.00106377473853883,8.20153653138079,TRUE,0.00139391172636123,TRUE
9,"mean","rhr_50",0.00187354067800667,7.40902986901677,TRUE,0.00355972728821267,TRUE
9,"median","rhr_1",0.0018160493852562,7.45207258283542,TRUE,0.00230032922132451,TRUE
9,"median","rhr_50",0.00271462015066172,6.90214880876168,TRUE,0.0049121697964355,TRUE
9,"min","rhr_1",5.48071876583447e-05,12.751934142356,TRUE,0.000231408125668566,TRUE
9,"min","rhr_50",3.36162296101567e-05,13.570621358464,TRUE,0.000425805575061985,TRUE
9,"sd","rhr_1",0.0802791520088358,2.69263283037608,FALSE,0.238624649509712,FALSE
9,"sd","rhr_50",0.110913375350818,2.32779140521669,FALSE,0.215838024533903,FALSE
9,"skew","rhr_1",0.0492994481683656,3.25455527981709,TRUE,0.170307184581627,FALSE
9,"skew","rhr_50",0.814009912305775,0.206872373943303,FALSE,0.885756638132663,FALSE
10,"cv","rhr_1",0.0043263028919202,6.3027951685709,TRUE,0.00965407802325341,TRUE
10,"cv","rhr_50",0.0367688178345647,3.6076109621669,TRUE,0.0481798302659813,TRUE
10,"iqr","rhr_1",0.185052175368799,1.76428897948793,FALSE,0.453556849436681,FALSE
10,"iqr","rhr_50",0.263819855395466,1.38032484986182,FALSE,0.455688841137623,FALSE
10,"kurt","rhr_1",0.733796226212804,0.312058842014514,FALSE,0.844977472608684,FALSE
10,"kurt","rhr_50",0.56782193048687,0.574460582844736,FALSE,0.799156791055595,FALSE
10,"max","rhr_1",0.146160968421096,2.02373348552555,FALSE,0.491600540064776,FALSE
10,"max","rhr_50",0.782507934304227,0.246840895705855,FALSE,0.90106974253214,FALSE
10,"mean","rhr_1",0.00567792735709246,5.94331297940533,TRUE,0.00616460684484324,TRUE
10,"mean","rhr_50",0.0571630223901532,3.0886203764495,FALSE,0.0638880838478183,FALSE
10,"median","rhr_1",0.00666149283537351,5.73446185731736,TRUE,0.00723247793554838,TRUE
10,"median","rhr_50",0.0411453222843823,3.47419281946254,TRUE,0.0459859484354862,TRUE
10,"min","rhr_1",0.00198096729590615,7.36472322137675,TRUE,0.0031365315518514,TRUE
10,"min","rhr_50",0.00349429471370164,6.58883227846352,TRUE,0.00491789626372823,TRUE
10,"sd","rhr_1",0.0680337194424209,2.88714769713424,FALSE,0.238624649509712,FALSE
10,"sd","rhr_50",0.118921400008012,2.25319008851179,FALSE,0.215838024533903,FALSE
10,"skew","rhr_1",0.865442265542029,0.145065600532253,FALSE,0.934847031520308,FALSE
10,"skew","rhr_50",0.519631376245778,0.666043828302333,FALSE,0.820211137055755,FALSE
11,"cv","rhr_1",0.0145148707942644,4.75590145308429,TRUE,0.0212140419300787,TRUE
11,"cv","rhr_50",0.018022223017707,4.49945719010042,TRUE,0.0273937789869147,TRUE
11,"iqr","rhr_1",0.456456424429929,0.801122884240446,FALSE,0.630529142828359,FALSE
11,"iqr","rhr_50",0.0856990899357829,2.63248815927166,FALSE,0.288131440904064,FALSE
11,"kurt","rhr_1",0.472263094067644,0.765638353868242,FALSE,0.741787566301621,FALSE
11,"kurt","rhr_50",0.391412212140645,0.962863937393956,FALSE,0.733067209948706,FALSE
11,"max","rhr_1",0.0170682378274793,4.55308739729662,TRUE,0.491600540064776,FALSE
11,"max","rhr_50",0.927747015759831,0.0751526470453729,FALSE,0.927747015759831,FALSE
11,"mean","rhr_1",0.00232440074833869,7.17635050832332,TRUE,0.00276022588865219,TRUE
11,"mean","rhr_50",0.00877877690569617,5.41672582756666,TRUE,0.0129052630887661,TRUE
11,"median","rhr_1",0.00290333226556634,6.86953138108514,TRUE,0.00334323109368245,TRUE
11,"median","rhr_50",0.00623901368171127,5.86525417263511,TRUE,0.00987843832937618,TRUE
11,"min","rhr_1",0.0452985768439679,3.36833943854344,TRUE,0.0478151644464106,TRUE
11,"min","rhr_50",0.0027370718235369,6.98305213896103,TRUE,0.00400033574209239,TRUE
11,"sd","rhr_1",0.0824905518272949,2.67115120308797,FALSE,0.238624649509712,FALSE
11,"sd","rhr_50",0.0877512561993493,2.60538116966655,FALSE,0.215838024533903,FALSE
11,"skew","rhr_1",0.615833592087011,0.491185966607923,FALSE,0.769989457475707,FALSE
11,"skew","rhr_50",0.264189167440969,1.38154251008917,FALSE,0.813179507550999,FALSE
12,"cv","rhr_1",0.0129644531045831,4.91498060139001,TRUE,0.0197059687189664,TRUE
12,"cv","rhr_50",0.0241981075054351,4.1341285154144,TRUE,0.0328402887573762,TRUE
12,"iqr","rhr_1",0.242009945372004,1.47618957755205,FALSE,0.467485455480791,FALSE
12,"iqr","rhr_50",0.0914488540313324,2.55818754100133,FALSE,0.288131440904064,FALSE
12,"kurt","rhr_1",0.937108412710247,0.0650736459793006,FALSE,0.96401901969561,FALSE
12,"kurt","rhr_50",0.404288550671499,0.928795553735766,FALSE,0.733067209948706,FALSE
12,"max","rhr_1",0.715263801350385,0.338242593202492,FALSE,0.890440318193872,FALSE
12,"max","rhr_50",0.508269368510896,0.689626385110789,FALSE,0.754630817143898,FALSE
12,"mean","rhr_1",0.00382531576784167,6.52272719022212,TRUE,0.00427535291699952,TRUE
12,"mean","rhr_50",0.00561536247780568,6.00529636229209,TRUE,0.00921976689935631,TRUE
12,"median","rhr_1",0.00423810971361553,6.38351278878904,TRUE,0.00473671085639382,TRUE
12,"median","rhr_50",0.00511445088930175,6.13022929913247,TRUE,0.00883405153606667,TRUE
12,"min","rhr_1",0.00278693850828927,6.95800529536568,TRUE,0.0042361465325997,TRUE
12,"min","rhr_50",0.00382432111135655,6.5230814825072,TRUE,0.00519015007969817,TRUE
12,"sd","rhr_1",0.12206578864101,2.23099696945566,FALSE,0.244131577282021,FALSE
12,"sd","rhr_50",0.119327227635717,2.2565160421741,FALSE,0.215838024533903,FALSE
12,"skew","rhr_1",0.997819537001518,0.00218297603028458,FALSE,0.997819537001518,FALSE
12,"skew","rhr_50",0.289484984846697,1.28333603489776,FALSE,0.813179507550999,FALSE
13,"cv","rhr_1",0.000424190885336074,9.70959695353211,TRUE,0.00491490158628548,TRUE
13,"cv","rhr_50",0.00337047299011415,6.66576059389983,TRUE,0.0160097467030422,TRUE
13,"iqr","rhr_1",0.0559592927640955,3.12686998708364,FALSE,0.39347584705471,FALSE
13,"iqr","rhr_50",0.021070307207229,4.29208804677258,TRUE,0.174200455574718,FALSE
13,"kurt","rhr_1",0.645234302845689,0.44351774883805,FALSE,0.838533370462522,FALSE
13,"kurt","rhr_50",0.561240247321339,0.5867177950782,FALSE,0.799156791055595,FALSE
13,"max","rhr_1",0.976960287415098,0.0233243740455531,FALSE,0.999813992147471,FALSE
13,"max","rhr_50",0.650316855667772,0.435338758495294,FALSE,0.797162597270172,FALSE
13,"mean","rhr_1",0.00292853640879388,6.88938335406866,TRUE,0.00337225404648993,TRUE
13,"mean","rhr_50",0.0120472652238657,4.99132355953363,TRUE,0.0152454604095915,TRUE
13,"median","rhr_1",0.0021365091302937,7.32924478224305,TRUE,0.00253710459222376,TRUE
13,"median","rhr_50",0.0170747225466473,4.55261405762023,TRUE,0.0209303050571806,TRUE
13,"min","rhr_1",0.00789894709867417,5.5545176907103,TRUE,0.0100053329916539,TRUE
13,"min","rhr_50",0.00137302782601663,7.91750292265781,TRUE,0.00274605565203326,TRUE
13,"sd","rhr_1",0.0100712566260861,5.23872526592953,TRUE,0.238624649509712,FALSE
13,"sd","rhr_50",0.0410385921295978,3.48539630208642,TRUE,0.213913945417322,FALSE
13,"skew","rhr_1",0.543006971747298,0.621108821602024,FALSE,0.769989457475707,FALSE
13,"skew","rhr_50",0.63107519986591,0.466105180462063,FALSE,0.820211137055755,FALSE
14,"cv","rhr_1",0.0110934501082713,5.09629419308803,TRUE,0.0175646293380962,TRUE
14,"cv","rhr_50",0.00240058284352769,7.13163035016939,TRUE,0.0130317354362932,TRUE
14,"iqr","rhr_1",0.285255134180119,1.29787454408502,FALSE,0.492713413583842,FALSE
14,"iqr","rhr_50",0.00737752380422564,5.62236047095332,TRUE,0.174200455574718,FALSE
14,"kurt","rhr_1",0.840062658112128,0.175102275326697,FALSE,0.912068028807454,FALSE
14,"kurt","rhr_50",0.424407332075567,0.877224584739745,FALSE,0.733067209948706,FALSE
14,"max","rhr_1",0.166529422493176,1.88230505641735,FALSE,0.491600540064776,FALSE
14,"max","rhr_50",0.926988507484997,0.0759696688407198,FALSE,0.927747015759831,FALSE
14,"mean","rhr_1",0.00162149044416446,7.68105641981707,TRUE,0.00198763344768547,TRUE
14,"mean","rhr_50",0.0181044904895599,4.47975750875771,TRUE,0.0214990824563524,TRUE
14,"median","rhr_1",0.00203862321090206,7.35907427370373,TRUE,0.00249895748433156,TRUE
14,"median","rhr_50",0.0146561176984214,4.74373093777185,TRUE,0.0185644157513338,TRUE
14,"min","rhr_1",0.00505366400967807,6.12074068969908,TRUE,0.00685854401313452,TRUE
14,"min","rhr_50",8.00145155421003e-05,12.3050603968442,TRUE,0.000506758598433302,TRUE
14,"sd","rhr_1",0.0951623582636234,2.50824753299463,FALSE,0.238624649509712,FALSE
14,"sd","rhr_50",0.0313293436356156,3.80856619033824,TRUE,0.213913945417322,FALSE
14,"skew","rhr_1",0.885644556177134,0.121839043635081,FALSE,0.934847031520308,FALSE
14,"skew","rhr_50",0.290663944725762,1.27778317886122,FALSE,0.813179507550999,FALSE
15,"cv","rhr_1",0.0160059633203086,4.63329926307829,TRUE,0.0217223787918474,TRUE
15,"cv","rhr_50",0.00608031476652553,5.8758354111027,TRUE,0.0185421284929004,TRUE
15,"iqr","rhr_1",0.632115478532081,0.464264591674474,FALSE,0.671066322128564,FALSE
15,"iqr","rhr_50",0.0682853328748983,2.88853587268827,FALSE,0.288131440904064,FALSE
15,"kurt","rhr_1",0.685734872184314,0.381137202104406,FALSE,0.838533370462522,FALSE
15,"kurt","rhr_50",0.29343122031705,1.26765580801026,FALSE,0.733067209948706,FALSE
15,"max","rhr_1",0.832401285811352,0.184329035182892,FALSE,0.930330848847982,FALSE
15,"max","rhr_50",0.602697661126223,0.513332434175456,FALSE,0.797162597270172,FALSE
15,"mean","rhr_1",0.0367902559830676,3.60691741589899,TRUE,0.0377845872258532,TRUE
15,"mean","rhr_50",0.0923809748768501,2.54195975585122,FALSE,0.0975132512588973,FALSE
15,"median","rhr_1",0.0288371091041707,3.89859171043736,TRUE,0.0299668587380989,TRUE
15,"median","rhr_50",0.0757876361482527,2.76835884053882,FALSE,0.0799980603787112,FALSE
15,"min","rhr_1",0.0157037582578499,4.64290187827341,TRUE,0.0175512592293616,TRUE
15,"min","rhr_50",0.086383991428943,2.61843941498883,FALSE,0.0887186938999955,FALSE
15,"sd","rhr_1",0.104263521927253,2.40478249260646,FALSE,0.238624649509712,FALSE
15,"sd","rhr_50",0.0224668668335625,4.21315886844307,TRUE,0.213435234918844,FALSE
15,"skew","rhr_1",0.595801450910578,0.525163644190701,FALSE,0.769989457475707,FALSE
15,"skew","rhr_50",0.935244187305871,0.0670689018503961,FALSE,0.935244187305871,FALSE
16,"cv","rhr_1",0.00657905135816607,5.77218360181022,TRUE,0.0125001975805155,TRUE
16,"cv","rhr_50",0.00160406681892696,7.69635003781767,TRUE,0.0130317354362932,TRUE
16,"iqr","rhr_1",0.213584486551345,1.60995986328829,FALSE,0.453556849436681,FALSE
16,"iqr","rhr_50",0.0135017591433652,4.84703364356756,TRUE,0.174200455574718,FALSE
16,"kurt","rhr_1",0.119359219286046,2.25254698149302,FALSE,0.388975445400192,FALSE
16,"kurt","rhr_50",0.755511049816778,0.282496028030352,FALSE,0.878317489931215,FALSE
16,"max","rhr_1",0.410961158748704,0.910975528018218,FALSE,0.641163790521033,FALSE
16,"max","rhr_50",0.807433967014011,0.215135284942409,FALSE,0.902426198427425,FALSE
16,"mean","rhr_1",0.0970974971937169,2.48539943637204,FALSE,0.0970974971937169,FALSE
16,"mean","rhr_50",0.0692670436337797,2.87203926621473,FALSE,0.0752042188023894,FALSE
16,"median","rhr_1",0.153836965681993,1.96983740395822,FALSE,0.153836965681993,FALSE
16,"median","rhr_50",0.0600760179001159,3.03713265829899,FALSE,0.0652253908629829,FALSE
16,"min","rhr_1",0.00136644029950864,7.92437144704533,TRUE,0.00236021506278765,TRUE
16,"min","rhr_50",0.022161575664568,4.22996259836974,TRUE,0.0247688198603995,TRUE
16,"sd","rhr_1",0.0977075962372141,2.47829542833609,FALSE,0.238624649509712,FALSE
16,"sd","rhr_50",0.0155043783391478,4.67314645388487,TRUE,0.196388792295872,FALSE
16,"skew","rhr_1",0.214353796684528,1.60605192182002,FALSE,0.431494442440957,FALSE
16,"skew","rhr_50",0.302860416197939,1.23388865974332,FALSE,0.813179507550999,FALSE
17,"cv","rhr_1",0.000860198306355866,8.59374894762959,TRUE,0.00491490158628548,TRUE
17,"cv","rhr_50",0.019228690357746,4.41860745030919,TRUE,0.0281034705228596,TRUE
17,"iqr","rhr_1",0.0290216715908393,3.90102102311202,TRUE,0.39347584705471,FALSE
17,"iqr","rhr_50",0.32918057183525,1.14616143646921,FALSE,0.46734358571188,FALSE
17,"kurt","rhr_1",0.972998843868903,0.0273926449319467,FALSE,0.972998843868903,FALSE
17,"kurt","rhr_50",0.263527978488529,1.38424087493138,FALSE,0.733067209948706,FALSE
17,"max","rhr_1",0.387533258936779,0.972660719726464,FALSE,0.641163790521033,FALSE
17,"max","rhr_50",0.372916727136678,1.01392804183785,FALSE,0.708541781559688,FALSE
17,"mean","rhr_1",0.000106501815292094,11.8325685188356,TRUE,0.000176907942071532,TRUE
17,"mean","rhr_50",0.0124370861236141,4.96790956359852,TRUE,0.0152454604095915,TRUE
17,"median","rhr_1",0.000102286291788574,11.8988582665079,TRUE,0.000176676322180265,TRUE
17,"median","rhr_50",0.0177574925718291,4.51796193044862,TRUE,0.0210870224290471,TRUE
17,"min","rhr_1",0.000133606215497731,11.4630834204942,TRUE,0.000461548744446707,TRUE
17,"min","rhr_50",0.00226639211891786,7.2463347038548,TRUE,0.00374447393560342,TRUE
17,"sd","rhr_1",0.0503212521553215,3.2443948799691,FALSE,0.238624649509712,FALSE
17,"sd","rhr_50",0.303581707351988,1.23246593238481,FALSE,0.372132415463727,FALSE
17,"skew","rhr_1",0.751290338571769,0.288184663401906,FALSE,0.839677437227272,FALSE
17,"skew","rhr_50",0.619817116929564,0.484743056472234,FALSE,0.820211137055755,FALSE
18,"cv","rhr_1",0.00106192637268359,8.33234172826144,TRUE,0.00491490158628548,TRUE
18,"cv","rhr_50",0.0138083025580094,4.85196692589814,TRUE,0.0238507044183798,TRUE
18,"iqr","rhr_1",0.103279982763443,2.41970131681254,FALSE,0.453556849436681,FALSE
18,"iqr","rhr_50",0.124447916310844,2.21301449699109,FALSE,0.288131440904064,FALSE
18,"kurt","rhr_1",0.938650098124673,0.0634239788057079,FALSE,0.96401901969561,FALSE
18,"kurt","rhr_50",0.158587428224245,1.94182263910302,FALSE,0.733067209948706,FALSE
18,"max","rhr_1",0.968663610200792,0.0318660524255577,FALSE,0.999813992147471,FALSE
18,"max","rhr_50",0.554887651145327,0.599013434783182,FALSE,0.780952990500831,FALSE
18,"mean","rhr_1",5.5343105022137e-05,13.0290855023625,TRUE,0.000125407288454992,TRUE
18,"mean","rhr_50",0.0102872834536289,5.23112161199055,TRUE,0.0138896107935825,TRUE
18,"median","rhr_1",7.08243121974318e-05,12.6068002531026,TRUE,0.00013456619317512,TRUE
18,"median","rhr_50",0.00559243088684551,6.03675487429028,TRUE,0.00923966842174475,TRUE
18,"min","rhr_1",1.49928641202528e-05,15.3640617209995,TRUE,8.13898337956579e-05,TRUE
18,"min","rhr_50",0.0025705970168476,7.1057215985751,TRUE,0.00394627542265861,TRUE
18,"sd","rhr_1",0.0632532701811524,2.98355202693786,FALSE,0.238624649509712,FALSE
18,"sd","rhr_50",0.0913963200442094,2.56381667528153,FALSE,0.215838024533903,FALSE
18,"skew","rhr_1",0.628149294256498,0.471035126170984,FALSE,0.769989457475707,FALSE
18,"skew","rhr_50",0.581295934674996,0.550991467769056,FALSE,0.820211137055755,FALSE
19,"cv","rhr_1",0.00175198334149829,7.50175849985291,TRUE,0.00616566419651921,TRUE
19,"cv","rhr_50",0.00517343029405839,6.04328413449059,TRUE,0.0185421284929004,TRUE
19,"iqr","rhr_1",0.580565749102997,0.551404373606375,FALSE,0.671066322128564,FALSE
19,"iqr","rhr_50",0.383643651929486,0.981965777633015,FALSE,0.502705474942085,FALSE
19,"kurt","rhr_1",0.00583742041457922,5.88559704188502,TRUE,0.0739406585846702,FALSE
19,"kurt","rhr_50",0.247671421383145,1.44681025564757,FALSE,0.733067209948706,FALSE
19,"max","rhr_1",0.0399548209136733,3.50112149360887,TRUE,0.491600540064776,FALSE
19,"max","rhr_50",0.00868863121308003,5.37307120889488,TRUE,0.11005599536568,FALSE
19,"mean","rhr_1",1.89148369439709e-05,14.5604093022016,TRUE,5.13402717050639e-05,TRUE
19,"mean","rhr_50",0.000223636260105468,10.5080361545629,TRUE,0.000969457212185379,TRUE
19,"median","rhr_1",1.14920968082336e-05,15.4419766381549,TRUE,3.49695152702203e-05,TRUE
19,"median","rhr_50",0.000517326797452635,9.24481278427836,TRUE,0.00165344626251353,TRUE
19,"min","rhr_1",3.88307987653469e-05,13.3269623683447,TRUE,0.000184446294135398,TRUE
19,"min","rhr_50",6.83966279953204e-05,12.3876545056949,TRUE,0.000506758598433302,TRUE
19,"sd","rhr_1",0.207302214280994,1.63881135621414,FALSE,0.375118292508464,FALSE
19,"sd","rhr_50",0.0756410000176695,2.76046535200463,FALSE,0.215838024533903,FALSE
19,"skew","rhr_1",0.00154016334876504,7.68078252494991,TRUE,0.0192079273398457,TRUE
19,"skew","rhr_50",0.385190293050473,0.97774026108309,FALSE,0.813179507550999,FALSE
20,"cv","rhr_1",0.0666703225480099,2.90504199775425,FALSE,0.0767718865704357,FALSE
20,"cv","rhr_50",0.0109050401261954,5.10107289810172,TRUE,0.0218100802523908,TRUE
20,"iqr","rhr_1",0.6530982574005,0.430715603586712,FALSE,0.671066322128564,FALSE
20,"iqr","rhr_50",0.566696786329878,0.57628216277426,FALSE,0.67295243376673,FALSE
20,"kurt","rhr_1",0.48801813572475,0.730762624222624,FALSE,0.741787566301621,FALSE
20,"kurt","rhr_50",0.177423012291146,1.8103504150753,FALSE,0.733067209948706,FALSE
20,"max","rhr_1",0.999813992147471,0.00018602604145487,FALSE,0.999813992147471,FALSE
20,"max","rhr_50",0.271140918622679,1.34978261173116,FALSE,0.606079700450695,FALSE
20,"mean","rhr_1",0.00123595414547155,7.9892376295874,TRUE,0.00156554191759729,TRUE
20,"mean","rhr_50",0.000229608287096537,10.4675082798225,TRUE,0.000969457212185379,TRUE
20,"median","rhr_1",0.0013397017330404,7.87584468904479,TRUE,0.00181816663769769,TRUE
20,"median","rhr_50",0.000305159193570576,10.033526369302,TRUE,0.00120350619717087,TRUE
20,"min","rhr_1",0.0865504136512206,2.60719435858664,FALSE,0.0888896140201725,FALSE
20,"min","rhr_50",0.000365753305065692,9.76047468547511,TRUE,0.00110406648871294,TRUE
20,"sd","rhr_1",0.606136392551524,0.507132545709073,FALSE,0.677446556381115,FALSE
20,"sd","rhr_50",0.478531706491098,0.751514650850381,FALSE,0.53482955431358,FALSE
20,"skew","rhr_1",0.224808634837149,1.55110856170769,FALSE,0.431494442440957,FALSE
20,"skew","rhr_50",0.174991001954555,1.82547323151526,FALSE,0.813179507550999,FALSE
21,"cv","rhr_1",0.000628198642143022,8.95999146794464,TRUE,0.00491490158628548,TRUE
21,"cv","rhr_50",0.00186789861640886,7.41319210270689,TRUE,0.0130317354362932,TRUE
21,"iqr","rhr_1",0.214842718154217,1.60011561883961,FALSE,0.453556849436681,FALSE
21,"iqr","rhr_50",0.131235069446294,2.14027728964921,FALSE,0.288131440904064,FALSE
21,"kurt","rhr_1",0.556695651754224,0.594622453649471,FALSE,0.804004201395338,FALSE
21,"kurt","rhr_50",0.562115078074833,0.584641605512244,FALSE,0.799156791055595,FALSE
21,"max","rhr_1",0.421818283237522,0.882570344220558,FALSE,0.641163790521033,FALSE
21,"max","rhr_50",0.144079820939173,2.03689879554882,FALSE,0.502614393295447,FALSE
21,"mean","rhr_1",1.07072374636832e-05,15.568964954473,TRUE,3.80921012414678e-05,TRUE
21,"mean","rhr_50",2.01940742602516e-05,14.4462931680414,TRUE,0.000324904770795903,TRUE
21,"median","rhr_1",4.68763977969838e-06,17.0863436875995,TRUE,2.22662889535673e-05,TRUE
21,"median","rhr_50",1.54714441820817e-05,14.9132220497382,TRUE,0.000293957439459552,TRUE
21,"min","rhr_1",0.00356448176007651,6.53593973912938,TRUE,0.00520962718780413,TRUE
21,"min","rhr_50",0.000106691659086993,11.6688104863944,TRUE,0.000579183292186534,TRUE
21,"sd","rhr_1",0.065506486443876,2.92528547235563,FALSE,0.238624649509712,FALSE
21,"sd","rhr_50",0.169622811697652,1.85739299644728,FALSE,0.247910263250414,FALSE
21,"skew","rhr_1",0.439920007442202,0.838697584274342,FALSE,0.726824360121899,FALSE
21,"skew","rhr_50",0.361450085553125,1.04465248259004,FALSE,0.813179507550999,FALSE
22,"cv","rhr_1",0.015433664124459,4.63806198130531,TRUE,0.0217214532122015,TRUE
22,"cv","rhr_50",0.00163686283311331,7.56318381021792,TRUE,0.0130317354362932,TRUE
22,"iqr","rhr_1",0.141558252752967,2.05379005875455,FALSE,0.453556849436681,FALSE
22,"iqr","rhr_50",0.138065186418937,2.0813583845063,FALSE,0.288131440904064,FALSE
22,"kurt","rhr_1",0.0417359203565663,3.44253083438345,TRUE,0.176218330394391,FALSE
22,"kurt","rhr_50",0.357099210325635,1.05671170899639,FALSE,0.733067209948706,FALSE
22,"max","rhr_1",0.734351001818938,0.311163917997918,FALSE,0.890440318193872,FALSE
22,"max","rhr_50",0.694806462209758,0.367456770908053,FALSE,0.825082673874087,FALSE
22,"mean","rhr_1",0.000199902636028732,10.6188637072147,TRUE,0.000292165391118916,TRUE
22,"mean","rhr_50",0.0014842224305093,7.69842317653126,TRUE,0.0029684448610186,TRUE
22,"median","rhr_1",0.000138407966029417,11.1868808707512,TRUE,0.000228674030831211,TRUE
22,"median","rhr_50",0.00190697022965453,7.35349344344119,TRUE,0.00392515452104078,TRUE
22,"min","rhr_1",1.35272567815294e-05,15.0323691836068,TRUE,8.13898337956579e-05,TRUE
22,"min","rhr_50",0.00047387578520731,9.32559076896355,TRUE,0.00120048532252519,TRUE
22,"sd","rhr_1",0.24713913401788,1.44780831764973,FALSE,0.426876686030884,FALSE
22,"sd","rhr_50",0.0447456821445767,3.36105430635961,TRUE,0.213913945417322,FALSE
22,"skew","rhr_1",0.0347480940975222,3.65829518649143,TRUE,0.132042757570584,FALSE
22,"skew","rhr_50",0.674404873254098,0.397829657803712,FALSE,0.820211137055755,FALSE
23,"cv","rhr_1",0.0786564349844489,2.7158852613349,FALSE,0.085398415125973,FALSE
23,"cv","rhr_50",0.015668386556338,4.63223072666236,TRUE,0.0248082787142018,TRUE
23,"iqr","rhr_1",0.569850641526644,0.570569058178476,FALSE,0.671066322128564,FALSE
23,"iqr","rhr_50",0.332059916163705,1.13419895648489,FALSE,0.46734358571188,FALSE
23,"kurt","rhr_1",0.00927683120696051,5.28965750112537,TRUE,0.0881298964661249,FALSE
23,"kurt","rhr_50",0.731419053914871,0.315290501610281,FALSE,0.878317489931215,FALSE
23,"max","rhr_1",0.201285142298476,1.67076612474198,FALSE,0.491600540064776,FALSE
23,"max","rhr_50",0.308551383209429,1.21204327446559,FALSE,0.617102766418858,FALSE
23,"mean","rhr_1",6.82889457228624e-05,12.3902311657686,TRUE,0.000144165552081598,TRUE
23,"mean","rhr_50",0.00313903816652701,6.70619792113449,TRUE,0.00568016430133459,TRUE
23,"median","rhr_1",3.47936723234875e-05,13.5122878445088,TRUE,8.81439698861683e-05,TRUE
23,"median","rhr_50",0.00701300473703566,5.64786186359661,TRUE,0.010249776154129,TRUE
23,"min","rhr_1",0.00820498108140913,5.44623399339103,TRUE,0.0100577187449531,TRUE
23,"min","rhr_50",0.0194684298343981,4.3649885606071,TRUE,0.022418191930519,TRUE
23,"sd","rhr_1",0.661073132921475,0.418314499127775,FALSE,0.717736544314744,FALSE
23,"sd","rhr_50",0.244664505918625,1.45993571174649,FALSE,0.324134001049068,FALSE
23,"skew","rhr_1",0.0293407352464007,3.86823129221785,TRUE,0.123883104373692,FALSE
23,"skew","rhr_50",0.69897767744568,0.361445461179505,FALSE,0.820211137055755,FALSE
24,"cv","rhr_1",0.25949479079125,1.3955553404315,FALSE,0.25949479079125,FALSE
24,"cv","rhr_50",0.0957598975011109,2.48903456973341,FALSE,0.103967888715492,FALSE
24,"iqr","rhr_1",0.470079152236811,0.769280230990311,FALSE,0.630529142828359,FALSE
24,"iqr","rhr_50",0.916201470053155,0.0877107619948272,FALSE,0.940963671946484,FALSE
24,"kurt","rhr_1",0.690058759519748,0.374440525293196,FALSE,0.838533370462522,FALSE
24,"kurt","rhr_50",0.41996121976218,0.886685924003036,FALSE,0.733067209948706,FALSE
24,"max","rhr_1",0.225462859498129,1.54647576046943,FALSE,0.491600540064776,FALSE
24,"max","rhr_50",0.00106614876308318,8.16041853906153,TRUE,0.040513652997161,TRUE
24,"mean","rhr_1",8.08298656928648e-05,12.0369676582635,TRUE,0.000152429365620757,TRUE
24,"mean","rhr_50",0.000109817883212422,11.5497805116714,TRUE,0.000596154223153148,TRUE
24,"median","rhr_1",7.51043110178532e-05,12.1548695739336,TRUE,0.000135903038984687,TRUE
24,"median","rhr_50",0.00031671215715023,9.92242306032754,TRUE,0.00120350619717087,TRUE
24,"min","rhr_1",0.000710248125393018,8.73819523447203,TRUE,0.00142049625078604,TRUE
24,"min","rhr_50",0.00016789140361128,10.8872023068341,TRUE,0.000701321573123583,TRUE
24,"sd","rhr_1",0.857558253432623,0.154258015308836,FALSE,0.880735503525396,FALSE
24,"sd","rhr_50",0.715777125366676,0.337197439306553,FALSE,0.735122453079288,FALSE
24,"skew","rhr_1",0.564702510252926,0.579698587516047,FALSE,0.769989457475707,FALSE
24,"skew","rhr_50",0.695120320108383,0.366996860702786,FALSE,0.820211137055755,FALSE
25,"cv","rhr_1",0.0209388771660734,4.29979828221293,TRUE,0.026522577743693,TRUE
25,"cv","rhr_50",0.00759240659189554,5.58495347803134,TRUE,0.0185421284929004,TRUE
25,"iqr","rhr_1",0.0537121091894536,3.16788260686217,FALSE,0.39347584705471,FALSE
25,"iqr","rhr_50",0.290359967092279,1.27890183297433,FALSE,0.462100198472752,FALSE
25,"kurt","rhr_1",0.0204628596586735,4.3281567475112,TRUE,0.10159453171192,FALSE
25,"kurt","rhr_50",0.0229560516055398,4.1867288365476,TRUE,0.733067209948706,FALSE
25,"max","rhr_1",0.0720142785702655,2.82715299102243,FALSE,0.491600540064776,FALSE
25,"max","rhr_50",0.00233598941247467,7.16944898143697,TRUE,0.0443837988370188,TRUE
25,"mean","rhr_1",6.71908796441986e-07,21.3869317130215,TRUE,8.51084475493183e-06,TRUE
25,"mean","rhr_50",7.70620785083019e-05,12.3677278473515,TRUE,0.000488059830552579,TRUE
25,"median","rhr_1",7.17322034908092e-07,21.2461700856283,TRUE,6.81455933162688e-06,TRUE
25,"median","rhr_50",0.000128618886262219,11.5247624506315,TRUE,0.000698216811137761,TRUE
25,"min","rhr_1",0.00187045704757326,7.47969288041905,TRUE,0.00309032033946887,TRUE
25,"min","rhr_50",0.000715855227902145,8.86410051340396,TRUE,0.00160014698001656,TRUE
25,"sd","rhr_1",0.556382104589901,0.595689386664158,FALSE,0.649209201039145,FALSE
25,"sd","rhr_50",0.0972675278613409,2.48341487641911,FALSE,0.215838024533903,FALSE
25,"skew","rhr_1",0.00163699311307145,7.66759385009935,TRUE,0.0192079273398457,TRUE
25,"skew","rhr_50",0.00196660330536889,7.40939718468148,TRUE,0.0747309256040178,FALSE
26,"cv","rhr_1",0.00101009810533436,8.27518709689003,TRUE,0.00491490158628548,TRUE
26,"cv","rhr_50",0.0137862553938004,4.79112453959429,TRUE,0.0238507044183798,TRUE
26,"iqr","rhr_1",0.062127765324428,2.98626861360991,FALSE,0.39347584705471,FALSE
26,"iqr","rhr_50",0.661168026309131,0.418167886407706,FALSE,0.737812119651696,FALSE
26,"kurt","rhr_1",0.00404738177396444,6.36685497659511,TRUE,0.0739406585846702,FALSE
26,"kurt","rhr_50",0.276368888940541,1.32937281527316,FALSE,0.733067209948706,FALSE
26,"max","rhr_1",0.953304422371025,0.047879675548817,FALSE,0.999813992147471,FALSE
26,"max","rhr_50",0.0454046706267846,3.35079166949325,TRUE,0.287562913969636,FALSE
26,"mean","rhr_1",9.364683813173e-07,20.2364266847105,TRUE,8.89644962251435e-06,TRUE
26,"mean","rhr_50",1.12983956797702e-05,15.4724500485295,TRUE,0.000324904770795903,TRUE
26,"median","rhr_1",2.4417578258926e-06,18.3307311593533,TRUE,1.32552567691313e-05,TRUE
26,"median","rhr_50",8.29398426800572e-06,16.0312803345943,TRUE,0.000293957439459552,TRUE
26,"min","rhr_1",1.45725190459897e-06,19.3454831706662,TRUE,2.91299978222695e-05,TRUE
26,"min","rhr_50",0.000184558308716732,10.8050454361705,TRUE,0.000701321573123583,TRUE
26,"sd","rhr_1",0.0645948201185869,2.94140865615186,FALSE,0.238624649509712,FALSE
26,"sd","rhr_50",0.254694205798436,1.41679654646602,FALSE,0.324134001049068,FALSE
26,"skew","rhr_1",0.00303899151508056,6.74976422145493,TRUE,0.0230963355146123,TRUE
26,"skew","rhr_50",0.100917301907208,2.43377059917479,FALSE,0.639142912078986,FALSE
27,"cv","rhr_1",0.00711480224196727,5.66968746912366,TRUE,0.0126408460373039,TRUE
27,"cv","rhr_50",0.0064084237991057,5.8297595003832,TRUE,0.0185421284929004,TRUE
27,"iqr","rhr_1",0.481193293211116,0.746140140402571,FALSE,0.630529142828359,FALSE
27,"iqr","rhr_50",0.329668089496073,1.14458735894276,FALSE,0.46734358571188,FALSE
27,"kurt","rhr_1",0.333410445866603,1.13164248221181,FALSE,0.666820891733206,FALSE
27,"kurt","rhr_50",0.904639383907728,0.100498399162339,FALSE,0.904639383907728,FALSE
27,"max","rhr_1",0.101764260485046,2.43221692274106,FALSE,0.491600540064776,FALSE
27,"max","rhr_50",0.161549120169899,1.91845198423552,FALSE,0.502614393295447,FALSE
27,"mean","rhr_1",5.61032606246015e-05,12.9019165619356,TRUE,0.000125407288454992,TRUE
27,"mean","rhr_50",0.00959038923910769,5.30197405280036,TRUE,0.0134975848550404,TRUE
27,"median","rhr_1",5.93590272671101e-05,12.8063115371791,TRUE,0.000125313502008343,TRUE
27,"median","rhr_50",0.011438463607763,5.0749605125564,TRUE,0.0160985784109257,TRUE
27,"min","rhr_1",0.000894767103716106,8.5361072359757,TRUE,0.0017000574970606,TRUE
27,"min","rhr_50",1.46927695128525e-05,15.4015596262263,TRUE,0.000279162620744197,TRUE
27,"sd","rhr_1",0.402606652075485,0.932537528311474,FALSE,0.546394742102443,FALSE
27,"sd","rhr_50",0.0450345148246993,3.38333961307981,TRUE,0.213913945417322,FALSE
27,"skew","rhr_1",0.706595404485773,0.350577414195559,FALSE,0.813655314256345,FALSE
27,"skew","rhr_50",0.0765118203718802,2.76287964421723,FALSE,0.581489834826289,FALSE
28,"cv","rhr_1",0.138363240044712,2.08448689176207,FALSE,0.146050086713863,FALSE
28,"cv","rhr_50",0.0922197553591679,2.54860220248889,FALSE,0.103069138342599,FALSE
28,"iqr","rhr_1",0.799802955914424,0.224708286595431,FALSE,0.799802955914424,FALSE
28,"iqr","rhr_50",0.633981643795821,0.461553573596213,FALSE,0.730039468613369,FALSE
28,"kurt","rhr_1",0.39558639187559,0.950391611111384,FALSE,0.730006396455631,FALSE
28,"kurt","rhr_50",0.203639434534465,1.66387329656766,FALSE,0.733067209948706,FALSE
28,"max","rhr_1",0.232863413714894,1.51464759496269,FALSE,0.491600540064776,FALSE
28,"max","rhr_50",0.0265202974451804,4.02173252428612,TRUE,0.251942825729214,FALSE
28,"mean","rhr_1",8.42372810009448e-05,12.131549767017,TRUE,0.000152429365620757,TRUE
28,"mean","rhr_50",0.000597842092895031,9.18635811943344,TRUE,0.00174753842538547,TRUE
28,"median","rhr_1",0.000346581757594593,9.89808674860783,TRUE,0.000506542568792097,TRUE
28,"median","rhr_50",0.000522140925004271,9.39161450308641,TRUE,0.00165344626251353,TRUE
28,"min","rhr_1",0.000273076218744963,10.2629164435184,TRUE,0.000798222793254508,TRUE
28,"min","rhr_50",0.00191802460599823,7.48150359520445,TRUE,0.00331295159217876,TRUE
28,"sd","rhr_1",0.926546045867849,0.0764449093611966,FALSE,0.926546045867849,FALSE
28,"sd","rhr_50",0.775602504811989,0.255917333043074,FALSE,0.775602504811989,FALSE
28,"skew","rhr_1",0.573161070111571,0.564821082676937,FALSE,0.769989457475707,FALSE
28,"skew","rhr_50",0.824975470069965,0.193433588429245,FALSE,0.885756638132663,FALSE
29,"cv","rhr_1",0.00731838454791279,5.67776014979076,TRUE,0.0126408460373039,TRUE
29,"cv","rhr_50",0.0676260003500007,2.9121473279956,FALSE,0.0803058754156258,FALSE
29,"iqr","rhr_1",0.201356933940059,1.67619091973842,FALSE,0.453556849436681,FALSE
29,"iqr","rhr_50",0.447955544274069,0.821772323249049,FALSE,0.549106796206923,FALSE
29,"kurt","rhr_1",0.18503829847993,1.77120240878991,FALSE,0.502246810159809,FALSE
29,"kurt","rhr_50",0.889289180931938,0.117727031548981,FALSE,0.904639383907728,FALSE
29,"max","rhr_1",0.176578363266546,1.82025836477153,FALSE,0.491600540064776,FALSE
29,"max","rhr_50",0.0730615350049366,2.82217176260734,FALSE,0.325866538564975,FALSE
29,"mean","rhr_1",0.000125804982439906,11.6453074230515,TRUE,0.000199191222196518,TRUE
29,"mean","rhr_50",0.00090589755436343,8.6167567273724,TRUE,0.0021992558833488,TRUE
29,"median","rhr_1",0.000170599402942099,11.1478877290062,TRUE,0.000270115721324991,TRUE
29,"median","rhr_50",0.000766983298361426,8.8663663769516,TRUE,0.00224195117982571,TRUE
29,"min","rhr_1",0.000359699755394887,9.96463555704981,TRUE,0.000854286919062857,TRUE
29,"min","rhr_50",0.0119802960158846,5.03408369556341,TRUE,0.0142266015188629,TRUE
29,"sd","rhr_1",0.296539553955199,1.25878714646943,FALSE,0.433403963472984,FALSE
29,"sd","rhr_50",0.143752358397041,2.05124129338809,FALSE,0.227607900795315,FALSE
29,"skew","rhr_1",0.530960502355585,0.644657683438946,FALSE,0.769989457475707,FALSE
29,"skew","rhr_50",0.883363389616248,0.12445910945084,FALSE,0.907238075822092,FALSE
30,"cv","rhr_1",0.004110039781078,6.397344254846,TRUE,0.00965407802325341,TRUE
30,"cv","rhr_50",0.00572728260803178,5.95477634338966,TRUE,0.0185421284929004,TRUE
30,"iqr","rhr_1",0.474431982868266,0.760867283555445,FALSE,0.630529142828359,FALSE
30,"iqr","rhr_50",0.138545125616044,2.08601103947081,FALSE,0.288131440904064,FALSE
30,"kurt","rhr_1",0.486091523408313,0.735606667765094,FALSE,0.741787566301621,FALSE
30,"kurt","rhr_50",0.899562427919045,0.106150202056523,FALSE,0.904639383907728,FALSE
30,"max","rhr_1",0.0283197444621682,3.93068701006856,TRUE,0.491600540064776,FALSE
30,"max","rhr_50",0.0415589142274642,3.47042857800295,TRUE,0.287562913969636,FALSE
30,"mean","rhr_1",1.21731297141013e-05,15.6055973788126,TRUE,3.80921012414678e-05,TRUE
30,"mean","rhr_50",0.00123957875610266,8.06391280332293,TRUE,0.00261688848510561,TRUE
30,"median","rhr_1",1.26077295847234e-05,15.54098882669,TRUE,3.49695152702203e-05,TRUE
30,"median","rhr_50",0.0019621711010144,7.41255731453077,TRUE,0.00392515452104078,TRUE
30,"min","rhr_1",2.66039434885983e-06,18.527637025252,TRUE,3.36983284188912e-05,TRUE
30,"min","rhr_50",0.000406761337946874,9.71309071748082,TRUE,0.00110406648871294,TRUE
30,"sd","rhr_1",0.294222012382954,1.26478024238202,FALSE,0.433403963472984,FALSE
30,"sd","rhr_50",0.124958856309102,2.20118142627053,FALSE,0.215838024533903,FALSE
30,"skew","rhr_1",0.16206384869717,1.91227431481048,FALSE,0.384901640655779,FALSE
30,"skew","rhr_50",0.465186186271444,0.781368143411876,FALSE,0.820211137055755,FALSE
